$c [\%]$-Soll;$V_{\mathrm{H_2O}} [\mu\mathrm l]$;$m [\mathrm g]$;$c=\frac{m}{\rho\cdot V+m}[\%]$;$\Delta c[\%]$;$\frac{\Delta c}{c}[\%]$
0.25;1189;0.00298;0.2507;0.01680;6.6984
0.5;1465;0.00736;0.5013;0.01359;2.7113
1;1096;0.01107;1.0029;0.01809;1.8038
1.4;1158;0.01644;1.4039;0.01714;1.2205
2;963;0.01964;2.0045;0.02063;1.0291
2.3;1078;0.02537;2.3060;0.01856;0.8047
