$c [\%]$-Soll;$V_{\mathrm{H_2O}} [\mu\mathrm l]$;$m [\mathrm g]$;$c=\frac{m}{\rho\cdot V+m}[\%]$;$\Delta c[\%]$;$\frac{\Delta c}{c}[\%]$
0.25;1189;0.00298;0.2507;0.00017;0.0670
0.5;1465;0.00736;0.5013;0.00014;0.0271
1;1096;0.01107;1.0029;0.00018;0.0180
1.4;1158;0.01644;1.4039;0.00017;0.0122
2;963;0.01964;2.0045;0.00021;0.0103
2.3;1078;0.02537;2.3060;0.00019;0.0080
